title,price,sales,star,link
Mẫu giáo ma thuật Vật liệu thủ công hạt nhỏ trẻ em tự làm quà tặng dán khối xây dựng hạt ngô đầu tròn,0.01,Đã bán 9 triệu+,4.7,https://detail.1688.com/offer/583957941525.html
Bóng nảy 25mm số 27 bóng nảy nổi bóng nhảy bóng đầy màu sắc thiên Đường máy cầu vồng đồ chơi trẻ em Đồ chơi nổi,0.17,Đã bán 8 triệu+,4.9,https://detail.1688.com/offer/642113602130.html
Bobo Ocean Ball Pool Màu Dày Đồ Chơi Nhựa Gia Dụng Trẻ Em Bán Buôn Sân Chơi Trong Nhà Máy Phun Bóng Bán Buôn,0.09,Đã bán 7 triệu+,5,https://detail.1688.com/offer/645480447186.html
Số 27 hỗn hợp cao su đàn hồi bóng đầy màu sắc thiên đường Haidilao đồ chơi nổi Bóng Nảy trẻ em 25mm bán buôn,0.18,Đã bán 6 triệu+,5,https://detail.1688.com/offer/557482147161.html
Khối xây dựng từ tính thế giới Trò chơi lắp ráp từ tính nối vuông Trò chơi giáo dục trẻ em Đồ chơi mini Thế giới Nhà sản xuất bán buôn,0.16,Đã bán 6 triệu+,N/A,https://detail.1688.com/offer/982012881070.html
Xuyên biên giới thu nhỏ mô phỏng rào chắn giao thông bãi đậu xe cảnh cát thanh đường mô phỏng đạo cụ dạy học trẻ em nhận thức đồ chơi,0.18,Đã bán 6 triệu+,4.9,https://detail.1688.com/offer/616683200650.html
Chợ Đêm Gian Hàng Phát Sáng Dính Phát Sáng Dính Đồ Chơi Trẻ Em Dính Quần Áo Ngoài Trời Bán Buôn Bạc Dạ Quang Vòng Tay Hàng Hóa Nhỏ,0.09,Đã bán 6 triệu+,5,https://detail.1688.com/offer/772855362930.html
"Nhà máy sản xuất bán buôn đồ chơi xếp hình nam châm cho trẻ em, đồ chơi giáo dục, bộ lắp ráp tự làm, quà tặng cho bé trai",0.25,Đã bán 5 triệu+,5,https://detail.1688.com/offer/893731502189.html
Màu dày đại dương bóng macaron nhựa bảo vệ môi trường bobo bóng trẻ em sân chơi trong nhà đồ chơi bán buôn,0.06,Đã bán 5 triệu+,5,https://detail.1688.com/offer/558167078465.html
Đất sét siêu nhẹ 12 màu đất sét không gian Đất sét màu cao su đất sét 10g đất sét bán buôn trẻ em sáng tạo tự làm thủ công,0.08,Đã bán 4 triệu+,5,https://detail.1688.com/offer/715529114416.html
Cửa Sổ Màu Tấm từ tính Tấm bổ sung Xếp hình Đồ chơi giáo dục Khối xây dựng rời Khối xây dựng từ tính Đồ chơi nam châm trẻ em,0.79,Đã bán 4 triệu+,5,https://detail.1688.com/offer/646108655510.html
"Bộ đồ chơi xếp hình nam châm mini hoàn chỉnh, đồ chơi giả vờ tự làm, nam châm xây dựng bằng nam châm",0.12,Đã bán 4 triệu+,4.9,https://detail.1688.com/offer/938342563522.html
"Đèn led vòng tay 100 cái, đồ chơi phát sáng cho trẻ em, dùng trong concert, phát sáng khi có âm thanh, dùng trong khiêu vũ, lễ hội, tiệc tùng, bán buôn đèn led vòng tay",0.05,Đã bán 3 triệu+,4.5,https://detail.1688.com/offer/817863883127.html
Thành phố trò chơi điện tử số 27 Nhà sản xuất bóng nổi cầu vồng Công viên đầy màu sắc Công viên nước trôi nổi Thành phố trò chơi điện tử Bóng nổi,0.18,Đã bán 3 triệu+,5,https://detail.1688.com/offer/902313240867.html
Nhà búp bê giỏ mini giỏ nhỏ giỏ nhỏ đồ dùng nhà bếp trẻ em nhà sản xuất nguồn đồ chơi nhà,0.04,Đã bán 3 triệu+,5,https://detail.1688.com/offer/852661408728.html
Gậy ánh sáng buổi hòa nhạc dùng một lần cho trẻ em Douyin cùng đoạn phát sáng gậy phát sáng vòng tay phát sáng đồ chơi gian hàng bán buôn,0.08,Đã bán 3 triệu+,5,https://detail.1688.com/offer/939189518753.html
Số 27 Victor nảy Bi Hỗn hợp giải trí bi kẹo máy chơi kẹo đầy màu sắc thiên đường Đồ chơi cao su bóng nảy,0.2,Đã bán 3 triệu+,4.9,https://detail.1688.com/offer/585006995587.html
MC My Building Block World Khối lắp ráp khối lập phương từ tính Khối xây dựng giáo dục trẻ em Quà tặng cậu bé đồ chơi nhỏ cấp độ địa ngục.,0.17,Đã bán 3 triệu+,5,https://detail.1688.com/offer/969440527923.html
"Bán buôn xe hợp kim, xe thiếc, đồ chơi trẻ em, xe kéo trở lại, mô hình mô phỏng kiểu nổ Douyin, đồ trang trí số lượng lớn",0.21,Đã bán 2 triệu+,5,https://detail.1688.com/offer/832030886612.html
Nhà sản xuất Ocean Ball Bobo Ball Bán buôn Hàng triệu Quà Tặng Hồ bơi Màu Xanh Macaron Thiên đường trẻ em dày,0.06,Đã bán 2 triệu+,5,https://detail.1688.com/offer/627997317498.html
